violation_id,n_agents,manipulator,changed_other_agents,manipulator_assignment,truthful_manipulator_pref,misreport_manipulator_pref,truthful_profile,misreport_profile,truthful_allocation,misreport_allocation
1,3,0,"1,2",2,"{0,1,2}","{2} > {0,1}","A0: {0,1,2} | A1: {0} > {1,2} | A2: {0} > {1} > {2}","A0: {2} > {0,1} | A1: {0} > {1,2} | A2: {0} > {1} > {2}","A0->2, A1->0, A2->1","A0->2, A1->1, A2->0"
2,3,0,"1,2",2,"{0,1,2}",{2} > {1} > {0},"A0: {0,1,2} | A1: {0} > {1,2} | A2: {0} > {1} > {2}","A0: {2} > {1} > {0} | A1: {0} > {1,2} | A2: {0} > {1} > {2}","A0->2, A1->0, A2->1","A0->2, A1->1, A2->0"
3,3,0,"1,2",2,"{0,1,2}","{0,2} > {1}","A0: {0,1,2} | A1: {0} > {1,2} | A2: {0} > {1} > {2}","A0: {0,2} > {1} | A1: {0} > {1,2} | A2: {0} > {1} > {2}","A0->2, A1->0, A2->1","A0->2, A1->1, A2->0"
4,3,0,"1,2",2,"{0,1,2}",{2} > {0} > {1},"A0: {0,1,2} | A1: {0} > {1,2} | A2: {0} > {1} > {2}","A0: {2} > {0} > {1} | A1: {0} > {1,2} | A2: {0} > {1} > {2}","A0->2, A1->0, A2->1","A0->2, A1->1, A2->0"
5,3,0,"1,2",2,"{0,1,2}","{2} > {0,1}","A0: {0,1,2} | A1: {0} > {2} > {1} | A2: {0} > {1} > {2}","A0: {2} > {0,1} | A1: {0} > {2} > {1} | A2: {0} > {1} > {2}","A0->2, A1->0, A2->1","A0->2, A1->1, A2->0"
6,3,0,"1,2",2,"{0,1,2}",{2} > {1} > {0},"A0: {0,1,2} | A1: {0} > {2} > {1} | A2: {0} > {1} > {2}",A0: {2} > {1} > {0} | A1: {0} > {2} > {1} | A2: {0} > {1} > {2},"A0->2, A1->0, A2->1","A0->2, A1->1, A2->0"
7,3,0,"1,2",2,"{0,1,2}","{0,2} > {1}","A0: {0,1,2} | A1: {0} > {2} > {1} | A2: {0} > {1} > {2}","A0: {0,2} > {1} | A1: {0} > {2} > {1} | A2: {0} > {1} > {2}","A0->2, A1->0, A2->1","A0->2, A1->1, A2->0"
8,3,0,"1,2",2,"{0,1,2}",{2} > {0} > {1},"A0: {0,1,2} | A1: {0} > {2} > {1} | A2: {0} > {1} > {2}",A0: {2} > {0} > {1} | A1: {0} > {2} > {1} | A2: {0} > {1} > {2},"A0->2, A1->0, A2->1","A0->2, A1->1, A2->0"
9,3,0,"1,2",2,"{0,1,2}","{2} > {0,1}","A0: {0,1,2} | A1: {0} > {1} > {2} | A2: {0} > {1} > {2}","A0: {2} > {0,1} | A1: {0} > {1} > {2} | A2: {0} > {1} > {2}","A0->2, A1->0, A2->1","A0->2, A1->1, A2->0"
10,3,0,"1,2",2,"{0,1,2}",{2} > {1} > {0},"A0: {0,1,2} | A1: {0} > {1} > {2} | A2: {0} > {1} > {2}",A0: {2} > {1} > {0} | A1: {0} > {1} > {2} | A2: {0} > {1} > {2},"A0->2, A1->0, A2->1","A0->2, A1->1, A2->0"
11,3,0,"1,2",2,"{0,1,2}","{0,2} > {1}","A0: {0,1,2} | A1: {0} > {1} > {2} | A2: {0} > {1} > {2}","A0: {0,2} > {1} | A1: {0} > {1} > {2} | A2: {0} > {1} > {2}","A0->2, A1->0, A2->1","A0->2, A1->1, A2->0"
12,3,0,"1,2",2,"{0,1,2}",{2} > {0} > {1},"A0: {0,1,2} | A1: {0} > {1} > {2} | A2: {0} > {1} > {2}",A0: {2} > {0} > {1} | A1: {0} > {1} > {2} | A2: {0} > {1} > {2},"A0->2, A1->0, A2->1","A0->2, A1->1, A2->0"
13,3,0,"1,2",2,"{2} > {0,1}","{0,1,2}","A0: {2} > {0,1} | A1: {0} > {1,2} | A2: {0} > {1} > {2}","A0: {0,1,2} | A1: {0} > {1,2} | A2: {0} > {1} > {2}","A0->2, A1->1, A2->0","A0->2, A1->0, A2->1"
14,3,0,"1,2",2,"{2} > {0,1}","{1,2} > {0}","A0: {2} > {0,1} | A1: {0} > {1,2} | A2: {0} > {1} > {2}","A0: {1,2} > {0} | A1: {0} > {1,2} | A2: {0} > {1} > {2}","A0->2, A1->1, A2->0","A0->2, A1->0, A2->1"
15,3,2,"0,1",1,"{0,1,2}","{1,2} > {0}","A0: {2} > {0,1} | A1: {2} > {0} > {1} | A2: {0,1,2}","A0: {2} > {0,1} | A1: {2} > {0} > {1} | A2: {1,2} > {0}","A0->2, A1->0, A2->1","A0->0, A1->2, A2->1"
16,3,2,"0,1",1,"{0,1,2}","{1} > {0,2}","A0: {2} > {0,1} | A1: {2} > {0} > {1} | A2: {0,1,2}","A0: {2} > {0,1} | A1: {2} > {0} > {1} | A2: {1} > {0,2}","A0->2, A1->0, A2->1","A0->0, A1->2, A2->1"
17,3,2,"0,1",1,"{0,1,2}",{1} > {2} > {0},"A0: {2} > {0,1} | A1: {2} > {0} > {1} | A2: {0,1,2}","A0: {2} > {0,1} | A1: {2} > {0} > {1} | A2: {1} > {2} > {0}","A0->2, A1->0, A2->1","A0->0, A1->2, A2->1"
18,3,2,"0,1",1,"{0,1,2}",{1} > {0} > {2},"A0: {2} > {0,1} | A1: {2} > {0} > {1} | A2: {0,1,2}","A0: {2} > {0,1} | A1: {2} > {0} > {1} | A2: {1} > {0} > {2}","A0->2, A1->0, A2->1","A0->0, A1->2, A2->1"
19,3,2,"0,1",1,"{0,1} > {2}","{1,2} > {0}","A0: {2} > {0,1} | A1: {2} > {0} > {1} | A2: {0,1} > {2}","A0: {2} > {0,1} | A1: {2} > {0} > {1} | A2: {1,2} > {0}","A0->2, A1->0, A2->1","A0->0, A1->2, A2->1"
20,3,2,"0,1",1,"{0,1} > {2}","{1} > {0,2}","A0: {2} > {0,1} | A1: {2} > {0} > {1} | A2: {0,1} > {2}","A0: {2} > {0,1} | A1: {2} > {0} > {1} | A2: {1} > {0,2}","A0->2, A1->0, A2->1","A0->0, A1->2, A2->1"
21,3,2,"0,1",1,"{0,1} > {2}",{1} > {2} > {0},"A0: {2} > {0,1} | A1: {2} > {0} > {1} | A2: {0,1} > {2}","A0: {2} > {0,1} | A1: {2} > {0} > {1} | A2: {1} > {2} > {0}","A0->2, A1->0, A2->1","A0->0, A1->2, A2->1"
22,3,2,"0,1",1,"{0,1} > {2}",{1} > {0} > {2},"A0: {2} > {0,1} | A1: {2} > {0} > {1} | A2: {0,1} > {2}","A0: {2} > {0,1} | A1: {2} > {0} > {1} | A2: {1} > {0} > {2}","A0->2, A1->0, A2->1","A0->0, A1->2, A2->1"
23,3,2,"0,1",1,"{1,2} > {0}","{0,1,2}","A0: {2} > {0,1} | A1: {2} > {0} > {1} | A2: {1,2} > {0}","A0: {2} > {0,1} | A1: {2} > {0} > {1} | A2: {0,1,2}","A0->0, A1->2, A2->1","A0->2, A1->0, A2->1"
24,3,2,"0,1",1,"{1,2} > {0}","{0,1} > {2}","A0: {2} > {0,1} | A1: {2} > {0} > {1} | A2: {1,2} > {0}","A0: {2} > {0,1} | A1: {2} > {0} > {1} | A2: {0,1} > {2}","A0->0, A1->2, A2->1","A0->2, A1->0, A2->1"
25,3,2,"0,1",1,"{1} > {0,2}","{0,1,2}","A0: {2} > {0,1} | A1: {2} > {0} > {1} | A2: {1} > {0,2}","A0: {2} > {0,1} | A1: {2} > {0} > {1} | A2: {0,1,2}","A0->0, A1->2, A2->1","A0->2, A1->0, A2->1"
26,3,2,"0,1",1,"{1} > {0,2}","{0,1} > {2}","A0: {2} > {0,1} | A1: {2} > {0} > {1} | A2: {1} > {0,2}","A0: {2} > {0,1} | A1: {2} > {0} > {1} | A2: {0,1} > {2}","A0->0, A1->2, A2->1","A0->2, A1->0, A2->1"
27,3,2,"0,1",1,{1} > {2} > {0},"{0,1,2}","A0: {2} > {0,1} | A1: {2} > {0} > {1} | A2: {1} > {2} > {0}","A0: {2} > {0,1} | A1: {2} > {0} > {1} | A2: {0,1,2}","A0->0, A1->2, A2->1","A0->2, A1->0, A2->1"
28,3,2,"0,1",1,{1} > {2} > {0},"{0,1} > {2}","A0: {2} > {0,1} | A1: {2} > {0} > {1} | A2: {1} > {2} > {0}","A0: {2} > {0,1} | A1: {2} > {0} > {1} | A2: {0,1} > {2}","A0->0, A1->2, A2->1","A0->2, A1->0, A2->1"
29,3,2,"0,1",1,{1} > {0} > {2},"{0,1,2}","A0: {2} > {0,1} | A1: {2} > {0} > {1} | A2: {1} > {0} > {2}","A0: {2} > {0,1} | A1: {2} > {0} > {1} | A2: {0,1,2}","A0->0, A1->2, A2->1","A0->2, A1->0, A2->1"
30,3,2,"0,1",1,{1} > {0} > {2},"{0,1} > {2}","A0: {2} > {0,1} | A1: {2} > {0} > {1} | A2: {1} > {0} > {2}","A0: {2} > {0,1} | A1: {2} > {0} > {1} | A2: {0,1} > {2}","A0->0, A1->2, A2->1","A0->2, A1->0, A2->1"
31,3,0,"1,2",2,"{2} > {0,1}","{0,1,2}","A0: {2} > {0,1} | A1: {0} > {2} > {1} | A2: {0} > {1} > {2}","A0: {0,1,2} | A1: {0} > {2} > {1} | A2: {0} > {1} > {2}","A0->2, A1->1, A2->0","A0->2, A1->0, A2->1"
32,3,0,"1,2",2,"{2} > {0,1}","{1,2} > {0}","A0: {2} > {0,1} | A1: {0} > {2} > {1} | A2: {0} > {1} > {2}","A0: {1,2} > {0} | A1: {0} > {2} > {1} | A2: {0} > {1} > {2}","A0->2, A1->1, A2->0","A0->2, A1->0, A2->1"
33,3,0,"1,2",2,"{2} > {0,1}","{0,1,2}","A0: {2} > {0,1} | A1: {0} > {1} > {2} | A2: {0} > {1} > {2}","A0: {0,1,2} | A1: {0} > {1} > {2} | A2: {0} > {1} > {2}","A0->2, A1->1, A2->0","A0->2, A1->0, A2->1"
34,3,0,"1,2",2,"{2} > {0,1}","{1,2} > {0}","A0: {2} > {0,1} | A1: {0} > {1} > {2} | A2: {0} > {1} > {2}","A0: {1,2} > {0} | A1: {0} > {1} > {2} | A2: {0} > {1} > {2}","A0->2, A1->1, A2->0","A0->2, A1->0, A2->1"
35,3,0,"1,2",2,"{1,2} > {0}","{2} > {0,1}","A0: {1,2} > {0} | A1: {0} > {1,2} | A2: {0} > {1} > {2}","A0: {2} > {0,1} | A1: {0} > {1,2} | A2: {0} > {1} > {2}","A0->2, A1->0, A2->1","A0->2, A1->1, A2->0"
36,3,0,"1,2",2,"{1,2} > {0}",{2} > {1} > {0},"A0: {1,2} > {0} | A1: {0} > {1,2} | A2: {0} > {1} > {2}","A0: {2} > {1} > {0} | A1: {0} > {1,2} | A2: {0} > {1} > {2}","A0->2, A1->0, A2->1","A0->2, A1->1, A2->0"
37,3,0,"1,2",2,"{1,2} > {0}","{0,2} > {1}","A0: {1,2} > {0} | A1: {0} > {1,2} | A2: {0} > {1} > {2}","A0: {0,2} > {1} | A1: {0} > {1,2} | A2: {0} > {1} > {2}","A0->2, A1->0, A2->1","A0->2, A1->1, A2->0"
38,3,0,"1,2",2,"{1,2} > {0}",{2} > {0} > {1},"A0: {1,2} > {0} | A1: {0} > {1,2} | A2: {0} > {1} > {2}","A0: {2} > {0} > {1} | A1: {0} > {1,2} | A2: {0} > {1} > {2}","A0->2, A1->0, A2->1","A0->2, A1->1, A2->0"
39,3,0,"1,2",2,"{1,2} > {0}","{2} > {0,1}","A0: {1,2} > {0} | A1: {0} > {2} > {1} | A2: {0} > {1} > {2}","A0: {2} > {0,1} | A1: {0} > {2} > {1} | A2: {0} > {1} > {2}","A0->2, A1->0, A2->1","A0->2, A1->1, A2->0"
40,3,0,"1,2",2,"{1,2} > {0}",{2} > {1} > {0},"A0: {1,2} > {0} | A1: {0} > {2} > {1} | A2: {0} > {1} > {2}",A0: {2} > {1} > {0} | A1: {0} > {2} > {1} | A2: {0} > {1} > {2},"A0->2, A1->0, A2->1","A0->2, A1->1, A2->0"
41,3,0,"1,2",2,"{1,2} > {0}","{0,2} > {1}","A0: {1,2} > {0} | A1: {0} > {2} > {1} | A2: {0} > {1} > {2}","A0: {0,2} > {1} | A1: {0} > {2} > {1} | A2: {0} > {1} > {2}","A0->2, A1->0, A2->1","A0->2, A1->1, A2->0"
42,3,0,"1,2",2,"{1,2} > {0}",{2} > {0} > {1},"A0: {1,2} > {0} | A1: {0} > {2} > {1} | A2: {0} > {1} > {2}",A0: {2} > {0} > {1} | A1: {0} > {2} > {1} | A2: {0} > {1} > {2},"A0->2, A1->0, A2->1","A0->2, A1->1, A2->0"
43,3,0,"1,2",2,"{1,2} > {0}","{2} > {0,1}","A0: {1,2} > {0} | A1: {0} > {1} > {2} | A2: {0} > {1} > {2}","A0: {2} > {0,1} | A1: {0} > {1} > {2} | A2: {0} > {1} > {2}","A0->2, A1->0, A2->1","A0->2, A1->1, A2->0"
44,3,0,"1,2",2,"{1,2} > {0}",{2} > {1} > {0},"A0: {1,2} > {0} | A1: {0} > {1} > {2} | A2: {0} > {1} > {2}",A0: {2} > {1} > {0} | A1: {0} > {1} > {2} | A2: {0} > {1} > {2},"A0->2, A1->0, A2->1","A0->2, A1->1, A2->0"
45,3,0,"1,2",2,"{1,2} > {0}","{0,2} > {1}","A0: {1,2} > {0} | A1: {0} > {1} > {2} | A2: {0} > {1} > {2}","A0: {0,2} > {1} | A1: {0} > {1} > {2} | A2: {0} > {1} > {2}","A0->2, A1->0, A2->1","A0->2, A1->1, A2->0"
46,3,0,"1,2",2,"{1,2} > {0}",{2} > {0} > {1},"A0: {1,2} > {0} | A1: {0} > {1} > {2} | A2: {0} > {1} > {2}",A0: {2} > {0} > {1} | A1: {0} > {1} > {2} | A2: {0} > {1} > {2},"A0->2, A1->0, A2->1","A0->2, A1->1, A2->0"
47,3,1,"0,2",2,"{0,1,2}","{2} > {0,1}","A0: {1} > {0,2} | A1: {0,1,2} | A2: {1} > {0} > {2}","A0: {1} > {0,2} | A1: {2} > {0,1} | A2: {1} > {0} > {2}","A0->1, A1->2, A2->0","A0->0, A1->2, A2->1"
48,3,1,"0,2",2,"{0,1,2}","{1,2} > {0}","A0: {1} > {0,2} | A1: {0,1,2} | A2: {1} > {0} > {2}","A0: {1} > {0,2} | A1: {1,2} > {0} | A2: {1} > {0} > {2}","A0->1, A1->2, A2->0","A0->0, A1->2, A2->1"
49,3,1,"0,2",2,"{0,1,2}",{2} > {1} > {0},"A0: {1} > {0,2} | A1: {0,1,2} | A2: {1} > {0} > {2}","A0: {1} > {0,2} | A1: {2} > {1} > {0} | A2: {1} > {0} > {2}","A0->1, A1->2, A2->0","A0->0, A1->2, A2->1"
50,3,1,"0,2",2,"{0,1,2}",{2} > {0} > {1},"A0: {1} > {0,2} | A1: {0,1,2} | A2: {1} > {0} > {2}","A0: {1} > {0,2} | A1: {2} > {0} > {1} | A2: {1} > {0} > {2}","A0->1, A1->2, A2->0","A0->0, A1->2, A2->1"
51,3,1,"0,2",2,"{2} > {0,1}","{0,1,2}","A0: {1} > {0,2} | A1: {2} > {0,1} | A2: {1} > {0} > {2}","A0: {1} > {0,2} | A1: {0,1,2} | A2: {1} > {0} > {2}","A0->0, A1->2, A2->1","A0->1, A1->2, A2->0"
52,3,1,"0,2",2,"{2} > {0,1}","{0,2} > {1}","A0: {1} > {0,2} | A1: {2} > {0,1} | A2: {1} > {0} > {2}","A0: {1} > {0,2} | A1: {0,2} > {1} | A2: {1} > {0} > {2}","A0->0, A1->2, A2->1","A0->1, A1->2, A2->0"
53,3,1,"0,2",2,"{1,2} > {0}","{0,1,2}","A0: {1} > {0,2} | A1: {1,2} > {0} | A2: {1} > {0} > {2}","A0: {1} > {0,2} | A1: {0,1,2} | A2: {1} > {0} > {2}","A0->0, A1->2, A2->1","A0->1, A1->2, A2->0"
54,3,1,"0,2",2,"{1,2} > {0}","{0,2} > {1}","A0: {1} > {0,2} | A1: {1,2} > {0} | A2: {1} > {0} > {2}","A0: {1} > {0,2} | A1: {0,2} > {1} | A2: {1} > {0} > {2}","A0->0, A1->2, A2->1","A0->1, A1->2, A2->0"
55,3,1,"0,2",2,{2} > {1} > {0},"{0,1,2}","A0: {1} > {0,2} | A1: {2} > {1} > {0} | A2: {1} > {0} > {2}","A0: {1} > {0,2} | A1: {0,1,2} | A2: {1} > {0} > {2}","A0->0, A1->2, A2->1","A0->1, A1->2, A2->0"
56,3,1,"0,2",2,{2} > {1} > {0},"{0,2} > {1}","A0: {1} > {0,2} | A1: {2} > {1} > {0} | A2: {1} > {0} > {2}","A0: {1} > {0,2} | A1: {0,2} > {1} | A2: {1} > {0} > {2}","A0->0, A1->2, A2->1","A0->1, A1->2, A2->0"
57,3,1,"0,2",2,"{0,2} > {1}","{2} > {0,1}","A0: {1} > {0,2} | A1: {0,2} > {1} | A2: {1} > {0} > {2}","A0: {1} > {0,2} | A1: {2} > {0,1} | A2: {1} > {0} > {2}","A0->1, A1->2, A2->0","A0->0, A1->2, A2->1"
58,3,1,"0,2",2,"{0,2} > {1}","{1,2} > {0}","A0: {1} > {0,2} | A1: {0,2} > {1} | A2: {1} > {0} > {2}","A0: {1} > {0,2} | A1: {1,2} > {0} | A2: {1} > {0} > {2}","A0->1, A1->2, A2->0","A0->0, A1->2, A2->1"
59,3,1,"0,2",2,"{0,2} > {1}",{2} > {1} > {0},"A0: {1} > {0,2} | A1: {0,2} > {1} | A2: {1} > {0} > {2}","A0: {1} > {0,2} | A1: {2} > {1} > {0} | A2: {1} > {0} > {2}","A0->1, A1->2, A2->0","A0->0, A1->2, A2->1"
60,3,1,"0,2",2,"{0,2} > {1}",{2} > {0} > {1},"A0: {1} > {0,2} | A1: {0,2} > {1} | A2: {1} > {0} > {2}","A0: {1} > {0,2} | A1: {2} > {0} > {1} | A2: {1} > {0} > {2}","A0->1, A1->2, A2->0","A0->0, A1->2, A2->1"
61,3,1,"0,2",2,{2} > {0} > {1},"{0,1,2}","A0: {1} > {0,2} | A1: {2} > {0} > {1} | A2: {1} > {0} > {2}","A0: {1} > {0,2} | A1: {0,1,2} | A2: {1} > {0} > {2}","A0->0, A1->2, A2->1","A0->1, A1->2, A2->0"
62,3,1,"0,2",2,{2} > {0} > {1},"{0,2} > {1}","A0: {1} > {0,2} | A1: {2} > {0} > {1} | A2: {1} > {0} > {2}","A0: {1} > {0,2} | A1: {0,2} > {1} | A2: {1} > {0} > {2}","A0->0, A1->2, A2->1","A0->1, A1->2, A2->0"
63,3,0,"1,2",2,{2} > {1} > {0},"{0,1,2}","A0: {2} > {1} > {0} | A1: {0} > {1,2} | A2: {0} > {1} > {2}","A0: {0,1,2} | A1: {0} > {1,2} | A2: {0} > {1} > {2}","A0->2, A1->1, A2->0","A0->2, A1->0, A2->1"
64,3,0,"1,2",2,{2} > {1} > {0},"{1,2} > {0}","A0: {2} > {1} > {0} | A1: {0} > {1,2} | A2: {0} > {1} > {2}","A0: {1,2} > {0} | A1: {0} > {1,2} | A2: {0} > {1} > {2}","A0->2, A1->1, A2->0","A0->2, A1->0, A2->1"
65,3,2,"0,1",1,"{0,1,2}","{1,2} > {0}","A0: {2} > {1} > {0} | A1: {2} > {0} > {1} | A2: {0,1,2}","A0: {2} > {1} > {0} | A1: {2} > {0} > {1} | A2: {1,2} > {0}","A0->2, A1->0, A2->1","A0->0, A1->2, A2->1"
66,3,2,"0,1",1,"{0,1,2}","{1} > {0,2}","A0: {2} > {1} > {0} | A1: {2} > {0} > {1} | A2: {0,1,2}","A0: {2} > {1} > {0} | A1: {2} > {0} > {1} | A2: {1} > {0,2}","A0->2, A1->0, A2->1","A0->0, A1->2, A2->1"
67,3,2,"0,1",1,"{0,1,2}",{1} > {2} > {0},"A0: {2} > {1} > {0} | A1: {2} > {0} > {1} | A2: {0,1,2}",A0: {2} > {1} > {0} | A1: {2} > {0} > {1} | A2: {1} > {2} > {0},"A0->2, A1->0, A2->1","A0->0, A1->2, A2->1"
68,3,2,"0,1",1,"{0,1,2}",{1} > {0} > {2},"A0: {2} > {1} > {0} | A1: {2} > {0} > {1} | A2: {0,1,2}",A0: {2} > {1} > {0} | A1: {2} > {0} > {1} | A2: {1} > {0} > {2},"A0->2, A1->0, A2->1","A0->0, A1->2, A2->1"
69,3,2,"0,1",1,"{0,1} > {2}","{1,2} > {0}","A0: {2} > {1} > {0} | A1: {2} > {0} > {1} | A2: {0,1} > {2}","A0: {2} > {1} > {0} | A1: {2} > {0} > {1} | A2: {1,2} > {0}","A0->2, A1->0, A2->1","A0->0, A1->2, A2->1"
70,3,2,"0,1",1,"{0,1} > {2}","{1} > {0,2}","A0: {2} > {1} > {0} | A1: {2} > {0} > {1} | A2: {0,1} > {2}","A0: {2} > {1} > {0} | A1: {2} > {0} > {1} | A2: {1} > {0,2}","A0->2, A1->0, A2->1","A0->0, A1->2, A2->1"
71,3,2,"0,1",1,"{0,1} > {2}",{1} > {2} > {0},"A0: {2} > {1} > {0} | A1: {2} > {0} > {1} | A2: {0,1} > {2}",A0: {2} > {1} > {0} | A1: {2} > {0} > {1} | A2: {1} > {2} > {0},"A0->2, A1->0, A2->1","A0->0, A1->2, A2->1"
72,3,2,"0,1",1,"{0,1} > {2}",{1} > {0} > {2},"A0: {2} > {1} > {0} | A1: {2} > {0} > {1} | A2: {0,1} > {2}",A0: {2} > {1} > {0} | A1: {2} > {0} > {1} | A2: {1} > {0} > {2},"A0->2, A1->0, A2->1","A0->0, A1->2, A2->1"
73,3,2,"0,1",1,"{1,2} > {0}","{0,1,2}","A0: {2} > {1} > {0} | A1: {2} > {0} > {1} | A2: {1,2} > {0}","A0: {2} > {1} > {0} | A1: {2} > {0} > {1} | A2: {0,1,2}","A0->0, A1->2, A2->1","A0->2, A1->0, A2->1"
74,3,2,"0,1",1,"{1,2} > {0}","{0,1} > {2}","A0: {2} > {1} > {0} | A1: {2} > {0} > {1} | A2: {1,2} > {0}","A0: {2} > {1} > {0} | A1: {2} > {0} > {1} | A2: {0,1} > {2}","A0->0, A1->2, A2->1","A0->2, A1->0, A2->1"
75,3,2,"0,1",1,"{1} > {0,2}","{0,1,2}","A0: {2} > {1} > {0} | A1: {2} > {0} > {1} | A2: {1} > {0,2}","A0: {2} > {1} > {0} | A1: {2} > {0} > {1} | A2: {0,1,2}","A0->0, A1->2, A2->1","A0->2, A1->0, A2->1"
76,3,2,"0,1",1,"{1} > {0,2}","{0,1} > {2}","A0: {2} > {1} > {0} | A1: {2} > {0} > {1} | A2: {1} > {0,2}","A0: {2} > {1} > {0} | A1: {2} > {0} > {1} | A2: {0,1} > {2}","A0->0, A1->2, A2->1","A0->2, A1->0, A2->1"
77,3,2,"0,1",1,{1} > {2} > {0},"{0,1,2}",A0: {2} > {1} > {0} | A1: {2} > {0} > {1} | A2: {1} > {2} > {0},"A0: {2} > {1} > {0} | A1: {2} > {0} > {1} | A2: {0,1,2}","A0->0, A1->2, A2->1","A0->2, A1->0, A2->1"
78,3,2,"0,1",1,{1} > {2} > {0},"{0,1} > {2}",A0: {2} > {1} > {0} | A1: {2} > {0} > {1} | A2: {1} > {2} > {0},"A0: {2} > {1} > {0} | A1: {2} > {0} > {1} | A2: {0,1} > {2}","A0->0, A1->2, A2->1","A0->2, A1->0, A2->1"
79,3,2,"0,1",1,{1} > {0} > {2},"{0,1,2}",A0: {2} > {1} > {0} | A1: {2} > {0} > {1} | A2: {1} > {0} > {2},"A0: {2} > {1} > {0} | A1: {2} > {0} > {1} | A2: {0,1,2}","A0->0, A1->2, A2->1","A0->2, A1->0, A2->1"
80,3,2,"0,1",1,{1} > {0} > {2},"{0,1} > {2}",A0: {2} > {1} > {0} | A1: {2} > {0} > {1} | A2: {1} > {0} > {2},"A0: {2} > {1} > {0} | A1: {2} > {0} > {1} | A2: {0,1} > {2}","A0->0, A1->2, A2->1","A0->2, A1->0, A2->1"
81,3,0,"1,2",2,{2} > {1} > {0},"{0,1,2}",A0: {2} > {1} > {0} | A1: {0} > {2} > {1} | A2: {0} > {1} > {2},"A0: {0,1,2} | A1: {0} > {2} > {1} | A2: {0} > {1} > {2}","A0->2, A1->1, A2->0","A0->2, A1->0, A2->1"
82,3,0,"1,2",2,{2} > {1} > {0},"{1,2} > {0}",A0: {2} > {1} > {0} | A1: {0} > {2} > {1} | A2: {0} > {1} > {2},"A0: {1,2} > {0} | A1: {0} > {2} > {1} | A2: {0} > {1} > {2}","A0->2, A1->1, A2->0","A0->2, A1->0, A2->1"
83,3,0,"1,2",2,{2} > {1} > {0},"{0,1,2}",A0: {2} > {1} > {0} | A1: {0} > {1} > {2} | A2: {0} > {1} > {2},"A0: {0,1,2} | A1: {0} > {1} > {2} | A2: {0} > {1} > {2}","A0->2, A1->1, A2->0","A0->2, A1->0, A2->1"
84,3,0,"1,2",2,{2} > {1} > {0},"{1,2} > {0}",A0: {2} > {1} > {0} | A1: {0} > {1} > {2} | A2: {0} > {1} > {2},"A0: {1,2} > {0} | A1: {0} > {1} > {2} | A2: {0} > {1} > {2}","A0->2, A1->1, A2->0","A0->2, A1->0, A2->1"
85,3,1,"0,2",2,"{0,1,2}","{2} > {0,1}","A0: {1} > {2} > {0} | A1: {0,1,2} | A2: {1} > {0} > {2}","A0: {1} > {2} > {0} | A1: {2} > {0,1} | A2: {1} > {0} > {2}","A0->1, A1->2, A2->0","A0->0, A1->2, A2->1"
86,3,1,"0,2",2,"{0,1,2}","{1,2} > {0}","A0: {1} > {2} > {0} | A1: {0,1,2} | A2: {1} > {0} > {2}","A0: {1} > {2} > {0} | A1: {1,2} > {0} | A2: {1} > {0} > {2}","A0->1, A1->2, A2->0","A0->0, A1->2, A2->1"
87,3,1,"0,2",2,"{0,1,2}",{2} > {1} > {0},"A0: {1} > {2} > {0} | A1: {0,1,2} | A2: {1} > {0} > {2}",A0: {1} > {2} > {0} | A1: {2} > {1} > {0} | A2: {1} > {0} > {2},"A0->1, A1->2, A2->0","A0->0, A1->2, A2->1"
88,3,1,"0,2",2,"{0,1,2}",{2} > {0} > {1},"A0: {1} > {2} > {0} | A1: {0,1,2} | A2: {1} > {0} > {2}",A0: {1} > {2} > {0} | A1: {2} > {0} > {1} | A2: {1} > {0} > {2},"A0->1, A1->2, A2->0","A0->0, A1->2, A2->1"
89,3,1,"0,2",2,"{2} > {0,1}","{0,1,2}","A0: {1} > {2} > {0} | A1: {2} > {0,1} | A2: {1} > {0} > {2}","A0: {1} > {2} > {0} | A1: {0,1,2} | A2: {1} > {0} > {2}","A0->0, A1->2, A2->1","A0->1, A1->2, A2->0"
90,3,1,"0,2",2,"{2} > {0,1}","{0,2} > {1}","A0: {1} > {2} > {0} | A1: {2} > {0,1} | A2: {1} > {0} > {2}","A0: {1} > {2} > {0} | A1: {0,2} > {1} | A2: {1} > {0} > {2}","A0->0, A1->2, A2->1","A0->1, A1->2, A2->0"
91,3,1,"0,2",2,"{1,2} > {0}","{0,1,2}","A0: {1} > {2} > {0} | A1: {1,2} > {0} | A2: {1} > {0} > {2}","A0: {1} > {2} > {0} | A1: {0,1,2} | A2: {1} > {0} > {2}","A0->0, A1->2, A2->1","A0->1, A1->2, A2->0"
92,3,1,"0,2",2,"{1,2} > {0}","{0,2} > {1}","A0: {1} > {2} > {0} | A1: {1,2} > {0} | A2: {1} > {0} > {2}","A0: {1} > {2} > {0} | A1: {0,2} > {1} | A2: {1} > {0} > {2}","A0->0, A1->2, A2->1","A0->1, A1->2, A2->0"
93,3,1,"0,2",2,{2} > {1} > {0},"{0,1,2}",A0: {1} > {2} > {0} | A1: {2} > {1} > {0} | A2: {1} > {0} > {2},"A0: {1} > {2} > {0} | A1: {0,1,2} | A2: {1} > {0} > {2}","A0->0, A1->2, A2->1","A0->1, A1->2, A2->0"
94,3,1,"0,2",2,{2} > {1} > {0},"{0,2} > {1}",A0: {1} > {2} > {0} | A1: {2} > {1} > {0} | A2: {1} > {0} > {2},"A0: {1} > {2} > {0} | A1: {0,2} > {1} | A2: {1} > {0} > {2}","A0->0, A1->2, A2->1","A0->1, A1->2, A2->0"
95,3,1,"0,2",2,"{0,2} > {1}","{2} > {0,1}","A0: {1} > {2} > {0} | A1: {0,2} > {1} | A2: {1} > {0} > {2}","A0: {1} > {2} > {0} | A1: {2} > {0,1} | A2: {1} > {0} > {2}","A0->1, A1->2, A2->0","A0->0, A1->2, A2->1"
96,3,1,"0,2",2,"{0,2} > {1}","{1,2} > {0}","A0: {1} > {2} > {0} | A1: {0,2} > {1} | A2: {1} > {0} > {2}","A0: {1} > {2} > {0} | A1: {1,2} > {0} | A2: {1} > {0} > {2}","A0->1, A1->2, A2->0","A0->0, A1->2, A2->1"
97,3,1,"0,2",2,"{0,2} > {1}",{2} > {1} > {0},"A0: {1} > {2} > {0} | A1: {0,2} > {1} | A2: {1} > {0} > {2}",A0: {1} > {2} > {0} | A1: {2} > {1} > {0} | A2: {1} > {0} > {2},"A0->1, A1->2, A2->0","A0->0, A1->2, A2->1"
98,3,1,"0,2",2,"{0,2} > {1}",{2} > {0} > {1},"A0: {1} > {2} > {0} | A1: {0,2} > {1} | A2: {1} > {0} > {2}",A0: {1} > {2} > {0} | A1: {2} > {0} > {1} | A2: {1} > {0} > {2},"A0->1, A1->2, A2->0","A0->0, A1->2, A2->1"
99,3,1,"0,2",2,{2} > {0} > {1},"{0,1,2}",A0: {1} > {2} > {0} | A1: {2} > {0} > {1} | A2: {1} > {0} > {2},"A0: {1} > {2} > {0} | A1: {0,1,2} | A2: {1} > {0} > {2}","A0->0, A1->2, A2->1","A0->1, A1->2, A2->0"
100,3,1,"0,2",2,{2} > {0} > {1},"{0,2} > {1}",A0: {1} > {2} > {0} | A1: {2} > {0} > {1} | A2: {1} > {0} > {2},"A0: {1} > {2} > {0} | A1: {0,2} > {1} | A2: {1} > {0} > {2}","A0->0, A1->2, A2->1","A0->1, A1->2, A2->0"
101,3,1,"0,2",2,"{0,1,2}","{2} > {0,1}","A0: {1} > {0} > {2} | A1: {0,1,2} | A2: {1} > {0} > {2}","A0: {1} > {0} > {2} | A1: {2} > {0,1} | A2: {1} > {0} > {2}","A0->1, A1->2, A2->0","A0->0, A1->2, A2->1"
102,3,1,"0,2",2,"{0,1,2}","{1,2} > {0}","A0: {1} > {0} > {2} | A1: {0,1,2} | A2: {1} > {0} > {2}","A0: {1} > {0} > {2} | A1: {1,2} > {0} | A2: {1} > {0} > {2}","A0->1, A1->2, A2->0","A0->0, A1->2, A2->1"
103,3,1,"0,2",2,"{0,1,2}",{2} > {1} > {0},"A0: {1} > {0} > {2} | A1: {0,1,2} | A2: {1} > {0} > {2}",A0: {1} > {0} > {2} | A1: {2} > {1} > {0} | A2: {1} > {0} > {2},"A0->1, A1->2, A2->0","A0->0, A1->2, A2->1"
104,3,1,"0,2",2,"{0,1,2}",{2} > {0} > {1},"A0: {1} > {0} > {2} | A1: {0,1,2} | A2: {1} > {0} > {2}",A0: {1} > {0} > {2} | A1: {2} > {0} > {1} | A2: {1} > {0} > {2},"A0->1, A1->2, A2->0","A0->0, A1->2, A2->1"
105,3,1,"0,2",2,"{2} > {0,1}","{0,1,2}","A0: {1} > {0} > {2} | A1: {2} > {0,1} | A2: {1} > {0} > {2}","A0: {1} > {0} > {2} | A1: {0,1,2} | A2: {1} > {0} > {2}","A0->0, A1->2, A2->1","A0->1, A1->2, A2->0"
106,3,1,"0,2",2,"{2} > {0,1}","{0,2} > {1}","A0: {1} > {0} > {2} | A1: {2} > {0,1} | A2: {1} > {0} > {2}","A0: {1} > {0} > {2} | A1: {0,2} > {1} | A2: {1} > {0} > {2}","A0->0, A1->2, A2->1","A0->1, A1->2, A2->0"
107,3,1,"0,2",2,"{1,2} > {0}","{0,1,2}","A0: {1} > {0} > {2} | A1: {1,2} > {0} | A2: {1} > {0} > {2}","A0: {1} > {0} > {2} | A1: {0,1,2} | A2: {1} > {0} > {2}","A0->0, A1->2, A2->1","A0->1, A1->2, A2->0"
108,3,1,"0,2",2,"{1,2} > {0}","{0,2} > {1}","A0: {1} > {0} > {2} | A1: {1,2} > {0} | A2: {1} > {0} > {2}","A0: {1} > {0} > {2} | A1: {0,2} > {1} | A2: {1} > {0} > {2}","A0->0, A1->2, A2->1","A0->1, A1->2, A2->0"
109,3,1,"0,2",2,{2} > {1} > {0},"{0,1,2}",A0: {1} > {0} > {2} | A1: {2} > {1} > {0} | A2: {1} > {0} > {2},"A0: {1} > {0} > {2} | A1: {0,1,2} | A2: {1} > {0} > {2}","A0->0, A1->2, A2->1","A0->1, A1->2, A2->0"
110,3,1,"0,2",2,{2} > {1} > {0},"{0,2} > {1}",A0: {1} > {0} > {2} | A1: {2} > {1} > {0} | A2: {1} > {0} > {2},"A0: {1} > {0} > {2} | A1: {0,2} > {1} | A2: {1} > {0} > {2}","A0->0, A1->2, A2->1","A0->1, A1->2, A2->0"
111,3,1,"0,2",2,"{0,2} > {1}","{2} > {0,1}","A0: {1} > {0} > {2} | A1: {0,2} > {1} | A2: {1} > {0} > {2}","A0: {1} > {0} > {2} | A1: {2} > {0,1} | A2: {1} > {0} > {2}","A0->1, A1->2, A2->0","A0->0, A1->2, A2->1"
112,3,1,"0,2",2,"{0,2} > {1}","{1,2} > {0}","A0: {1} > {0} > {2} | A1: {0,2} > {1} | A2: {1} > {0} > {2}","A0: {1} > {0} > {2} | A1: {1,2} > {0} | A2: {1} > {0} > {2}","A0->1, A1->2, A2->0","A0->0, A1->2, A2->1"
113,3,1,"0,2",2,"{0,2} > {1}",{2} > {1} > {0},"A0: {1} > {0} > {2} | A1: {0,2} > {1} | A2: {1} > {0} > {2}",A0: {1} > {0} > {2} | A1: {2} > {1} > {0} | A2: {1} > {0} > {2},"A0->1, A1->2, A2->0","A0->0, A1->2, A2->1"
114,3,1,"0,2",2,"{0,2} > {1}",{2} > {0} > {1},"A0: {1} > {0} > {2} | A1: {0,2} > {1} | A2: {1} > {0} > {2}",A0: {1} > {0} > {2} | A1: {2} > {0} > {1} | A2: {1} > {0} > {2},"A0->1, A1->2, A2->0","A0->0, A1->2, A2->1"
115,3,1,"0,2",2,{2} > {0} > {1},"{0,1,2}",A0: {1} > {0} > {2} | A1: {2} > {0} > {1} | A2: {1} > {0} > {2},"A0: {1} > {0} > {2} | A1: {0,1,2} | A2: {1} > {0} > {2}","A0->0, A1->2, A2->1","A0->1, A1->2, A2->0"
116,3,1,"0,2",2,{2} > {0} > {1},"{0,2} > {1}",A0: {1} > {0} > {2} | A1: {2} > {0} > {1} | A2: {1} > {0} > {2},"A0: {1} > {0} > {2} | A1: {0,2} > {1} | A2: {1} > {0} > {2}","A0->0, A1->2, A2->1","A0->1, A1->2, A2->0"
117,3,0,"1,2",2,"{0,2} > {1}","{0,1,2}","A0: {0,2} > {1} | A1: {0} > {1,2} | A2: {0} > {1} > {2}","A0: {0,1,2} | A1: {0} > {1,2} | A2: {0} > {1} > {2}","A0->2, A1->1, A2->0","A0->2, A1->0, A2->1"
118,3,0,"1,2",2,"{0,2} > {1}","{1,2} > {0}","A0: {0,2} > {1} | A1: {0} > {1,2} | A2: {0} > {1} > {2}","A0: {1,2} > {0} | A1: {0} > {1,2} | A2: {0} > {1} > {2}","A0->2, A1->1, A2->0","A0->2, A1->0, A2->1"
119,3,0,"1,2",2,"{0,2} > {1}","{0,1,2}","A0: {0,2} > {1} | A1: {0} > {2} > {1} | A2: {0} > {1} > {2}","A0: {0,1,2} | A1: {0} > {2} > {1} | A2: {0} > {1} > {2}","A0->2, A1->1, A2->0","A0->2, A1->0, A2->1"
120,3,0,"1,2",2,"{0,2} > {1}","{1,2} > {0}","A0: {0,2} > {1} | A1: {0} > {2} > {1} | A2: {0} > {1} > {2}","A0: {1,2} > {0} | A1: {0} > {2} > {1} | A2: {0} > {1} > {2}","A0->2, A1->1, A2->0","A0->2, A1->0, A2->1"
121,3,0,"1,2",2,"{0,2} > {1}","{0,1,2}","A0: {0,2} > {1} | A1: {0} > {1} > {2} | A2: {0} > {1} > {2}","A0: {0,1,2} | A1: {0} > {1} > {2} | A2: {0} > {1} > {2}","A0->2, A1->1, A2->0","A0->2, A1->0, A2->1"
122,3,0,"1,2",2,"{0,2} > {1}","{1,2} > {0}","A0: {0,2} > {1} | A1: {0} > {1} > {2} | A2: {0} > {1} > {2}","A0: {1,2} > {0} | A1: {0} > {1} > {2} | A2: {0} > {1} > {2}","A0->2, A1->1, A2->0","A0->2, A1->0, A2->1"
123,3,0,"1,2",2,{2} > {0} > {1},"{0,1,2}","A0: {2} > {0} > {1} | A1: {0} > {1,2} | A2: {0} > {1} > {2}","A0: {0,1,2} | A1: {0} > {1,2} | A2: {0} > {1} > {2}","A0->2, A1->1, A2->0","A0->2, A1->0, A2->1"
124,3,0,"1,2",2,{2} > {0} > {1},"{1,2} > {0}","A0: {2} > {0} > {1} | A1: {0} > {1,2} | A2: {0} > {1} > {2}","A0: {1,2} > {0} | A1: {0} > {1,2} | A2: {0} > {1} > {2}","A0->2, A1->1, A2->0","A0->2, A1->0, A2->1"
125,3,2,"0,1",1,"{0,1,2}","{1,2} > {0}","A0: {2} > {0} > {1} | A1: {2} > {0} > {1} | A2: {0,1,2}","A0: {2} > {0} > {1} | A1: {2} > {0} > {1} | A2: {1,2} > {0}","A0->2, A1->0, A2->1","A0->0, A1->2, A2->1"
126,3,2,"0,1",1,"{0,1,2}","{1} > {0,2}","A0: {2} > {0} > {1} | A1: {2} > {0} > {1} | A2: {0,1,2}","A0: {2} > {0} > {1} | A1: {2} > {0} > {1} | A2: {1} > {0,2}","A0->2, A1->0, A2->1","A0->0, A1->2, A2->1"
127,3,2,"0,1",1,"{0,1,2}",{1} > {2} > {0},"A0: {2} > {0} > {1} | A1: {2} > {0} > {1} | A2: {0,1,2}",A0: {2} > {0} > {1} | A1: {2} > {0} > {1} | A2: {1} > {2} > {0},"A0->2, A1->0, A2->1","A0->0, A1->2, A2->1"
128,3,2,"0,1",1,"{0,1,2}",{1} > {0} > {2},"A0: {2} > {0} > {1} | A1: {2} > {0} > {1} | A2: {0,1,2}",A0: {2} > {0} > {1} | A1: {2} > {0} > {1} | A2: {1} > {0} > {2},"A0->2, A1->0, A2->1","A0->0, A1->2, A2->1"
129,3,2,"0,1",1,"{0,1} > {2}","{1,2} > {0}","A0: {2} > {0} > {1} | A1: {2} > {0} > {1} | A2: {0,1} > {2}","A0: {2} > {0} > {1} | A1: {2} > {0} > {1} | A2: {1,2} > {0}","A0->2, A1->0, A2->1","A0->0, A1->2, A2->1"
130,3,2,"0,1",1,"{0,1} > {2}","{1} > {0,2}","A0: {2} > {0} > {1} | A1: {2} > {0} > {1} | A2: {0,1} > {2}","A0: {2} > {0} > {1} | A1: {2} > {0} > {1} | A2: {1} > {0,2}","A0->2, A1->0, A2->1","A0->0, A1->2, A2->1"
131,3,2,"0,1",1,"{0,1} > {2}",{1} > {2} > {0},"A0: {2} > {0} > {1} | A1: {2} > {0} > {1} | A2: {0,1} > {2}",A0: {2} > {0} > {1} | A1: {2} > {0} > {1} | A2: {1} > {2} > {0},"A0->2, A1->0, A2->1","A0->0, A1->2, A2->1"
132,3,2,"0,1",1,"{0,1} > {2}",{1} > {0} > {2},"A0: {2} > {0} > {1} | A1: {2} > {0} > {1} | A2: {0,1} > {2}",A0: {2} > {0} > {1} | A1: {2} > {0} > {1} | A2: {1} > {0} > {2},"A0->2, A1->0, A2->1","A0->0, A1->2, A2->1"
133,3,2,"0,1",1,"{1,2} > {0}","{0,1,2}","A0: {2} > {0} > {1} | A1: {2} > {0} > {1} | A2: {1,2} > {0}","A0: {2} > {0} > {1} | A1: {2} > {0} > {1} | A2: {0,1,2}","A0->0, A1->2, A2->1","A0->2, A1->0, A2->1"
134,3,2,"0,1",1,"{1,2} > {0}","{0,1} > {2}","A0: {2} > {0} > {1} | A1: {2} > {0} > {1} | A2: {1,2} > {0}","A0: {2} > {0} > {1} | A1: {2} > {0} > {1} | A2: {0,1} > {2}","A0->0, A1->2, A2->1","A0->2, A1->0, A2->1"
135,3,2,"0,1",1,"{1} > {0,2}","{0,1,2}","A0: {2} > {0} > {1} | A1: {2} > {0} > {1} | A2: {1} > {0,2}","A0: {2} > {0} > {1} | A1: {2} > {0} > {1} | A2: {0,1,2}","A0->0, A1->2, A2->1","A0->2, A1->0, A2->1"
136,3,2,"0,1",1,"{1} > {0,2}","{0,1} > {2}","A0: {2} > {0} > {1} | A1: {2} > {0} > {1} | A2: {1} > {0,2}","A0: {2} > {0} > {1} | A1: {2} > {0} > {1} | A2: {0,1} > {2}","A0->0, A1->2, A2->1","A0->2, A1->0, A2->1"
137,3,2,"0,1",1,{1} > {2} > {0},"{0,1,2}",A0: {2} > {0} > {1} | A1: {2} > {0} > {1} | A2: {1} > {2} > {0},"A0: {2} > {0} > {1} | A1: {2} > {0} > {1} | A2: {0,1,2}","A0->0, A1->2, A2->1","A0->2, A1->0, A2->1"
138,3,2,"0,1",1,{1} > {2} > {0},"{0,1} > {2}",A0: {2} > {0} > {1} | A1: {2} > {0} > {1} | A2: {1} > {2} > {0},"A0: {2} > {0} > {1} | A1: {2} > {0} > {1} | A2: {0,1} > {2}","A0->0, A1->2, A2->1","A0->2, A1->0, A2->1"
139,3,2,"0,1",1,{1} > {0} > {2},"{0,1,2}",A0: {2} > {0} > {1} | A1: {2} > {0} > {1} | A2: {1} > {0} > {2},"A0: {2} > {0} > {1} | A1: {2} > {0} > {1} | A2: {0,1,2}","A0->0, A1->2, A2->1","A0->2, A1->0, A2->1"
140,3,2,"0,1",1,{1} > {0} > {2},"{0,1} > {2}",A0: {2} > {0} > {1} | A1: {2} > {0} > {1} | A2: {1} > {0} > {2},"A0: {2} > {0} > {1} | A1: {2} > {0} > {1} | A2: {0,1} > {2}","A0->0, A1->2, A2->1","A0->2, A1->0, A2->1"
141,3,0,"1,2",2,{2} > {0} > {1},"{0,1,2}",A0: {2} > {0} > {1} | A1: {0} > {2} > {1} | A2: {0} > {1} > {2},"A0: {0,1,2} | A1: {0} > {2} > {1} | A2: {0} > {1} > {2}","A0->2, A1->1, A2->0","A0->2, A1->0, A2->1"
142,3,0,"1,2",2,{2} > {0} > {1},"{1,2} > {0}",A0: {2} > {0} > {1} | A1: {0} > {2} > {1} | A2: {0} > {1} > {2},"A0: {1,2} > {0} | A1: {0} > {2} > {1} | A2: {0} > {1} > {2}","A0->2, A1->1, A2->0","A0->2, A1->0, A2->1"
143,3,0,"1,2",2,{2} > {0} > {1},"{0,1,2}",A0: {2} > {0} > {1} | A1: {0} > {1} > {2} | A2: {0} > {1} > {2},"A0: {0,1,2} | A1: {0} > {1} > {2} | A2: {0} > {1} > {2}","A0->2, A1->1, A2->0","A0->2, A1->0, A2->1"
144,3,0,"1,2",2,{2} > {0} > {1},"{1,2} > {0}",A0: {2} > {0} > {1} | A1: {0} > {1} > {2} | A2: {0} > {1} > {2},"A0: {1,2} > {0} | A1: {0} > {1} > {2} | A2: {0} > {1} > {2}","A0->2, A1->1, A2->0","A0->2, A1->0, A2->1"
